Nome	Nome da mãe	Nome do pai	Nome social	País de nascimento	UF de Nascimento	Município de nascimento	Data de Nascimento	Cartão SUS	RG	UF RG	Município	Endereço	Bairro 	CEP	Telefone	Celular	E-mail	A partir do Nascimento Dose única (até 30 dias)		2 Meses (1ª dose)				3 meses (1ª dose)	4 Meses (2ª dose)				5 Meses (2ª dose)	6 meses (3ª dose)		9 meses (Dose Única)	12 meses			15 meses					4 anos			Meninas 9 a 14 anos		Meninos 11 a 14 anos		11 a 14 anos		11 a 19 anos															Apartir de 20 anos						60 anos ou mais				
Manuela S Souza				Brasil	RJ	Niterói	27/11/1964	5,45883E+14			Niterói				(87) 8848-6068		ManuelaSilvaSouza@cuvox.de	BCG - ID	Hepatite B	PNM10	VIP	Pentavalente	Rotavírus	MNG C	PNM10	VIP	Pentavalente	Rotavírus	MNG C	VIP	Pentavalente	Febre amarela	Tríplice viral (1ª dose)	MNG C (1º reforço)	PNM 10 (Reforço)	VOP bivalente (1º reforço)	DTP (1º reforço)	Tríplice viral (2ª dose)	Varicela (1ª dose)	Hepatite A (dose única)	VOP bivalente (2º reforço)	DTP (2º reforço)	Varicela(2ª dose)	HPV(duas doses, intervalo de 6 meses)		HPV(duas doses, intervalo de 6 meses)		MNG C		dt (dupla de adulto) 1 reforço a cada 10 anos										Tríplice Viral (2 doses ou completar esquema)		Hepatite B (3 doses ou completar esquema)			Triplice viral até 29 anos		De 30 a 49 anos	Hepatite B			Influenza (1 dose anual)				
Larissa C Pereira				Brasil	RJ	Niterói	17/10/1975	5,66375E+14			Niterói				(45) 3037-8520		LarissaCardosoPereira@cuvox.de																											dose 1	dose 2	dose 1	dose 2	2º reforço	Dose única	dose 1 	dose 2	dose 3	dose 4	dose 5	dose 6	dose 7	dose 8	dose 9	dose 10	Dose 1	dose 2	dose 1	dose 2 	dose 3	dose 1	dose 2	dose única	dose 1	dose 2	dose 3	dose 1	dose 2	dose 3	dose 4	dose 5
Luan S Melo				Brasil	RJ	Niterói	16/12/1959	3,47826E+14			Niterói				(11) 5032-7145		LuanSousaMelo@einrot.com																																																										
Renan A Pereira				Brasil	RJ	Niterói	16/11/1925	3,84923E+14			Niterói				(11) 7169-8786		RenanAlmeidaPereira@jourrapide.com																																																										
Gustavo R Souza				Brasil	RJ	Niterói	24/07/2018	1,60916E+14			Niterói				(21) 9144-6135		GustavoRibeiroSouza@superrito.com	26/07/2018	06/08/2018	24/10/2018	24/10/2018	24/10/2018	24/10/2018	24/11/2018	24/12/2018	24/12/2018	24/12/2018	24/12/2018	24/01/2019	24/02/2019	24/02/2019	24/05/2019	24/08/2019	24/08/2019	24/08/2019	24/11/2019	24/11/2019	24/11/2019	24/11/2019	24/11/2019																																			
Beatrice P Lima				Brasil	RJ	Niterói	01/02/1996	4,88261E+14			Niterói				(55) 6845-7535		BeatricePintoLima@jourrapide.com																																																										
Ágatha S Oliveira				Brasil	RJ	Niterói	25/05/1959	1,86689E+14			Niterói				(71) 6011-3695		AgathaSousaOliveira@gustr.com																																																										
Felipe P Ribeiro				Brasil	RJ	São Gonçalo	26/11/1941	6,51489E+14			Niterói				(11) 3923-4266		FelipePereiraRibeiro@rhyta.com																																																										
Vitór A Souza				Brasil	RJ	Itaboraí	07/10/1970	1,14783E+14			Niterói				(19) 7392-8382		VitorAlmeidaSouza@dayrep.com																																																										
Marisa B Barros				Brasil	RJ	Rio Bonito	23/02/2012	7,72922E+14			Niterói				(21) 2754-8533		MarisaBarbosaBarros@gustr.com																																																										
Eduardo F Rocha				Brasil	RJ	São Gonçalo	06/12/2011	2,54038E+13			Niterói				(27) 8509-8017		EduardoFernandesRocha@cuvox.de	13/12/2011	02/01/2012	06/02/2012	15/02/2012	18/02/2012	02/03/2012	23/03/2012	06/04/2012	12/04/2012	19/04/2012	26/04/2012	06/05/2012	15/05/2012	20/05/2012	09/09/2012	12/12/2012	18/12/2012	25/12/2012	11/03/2013	17/03/2013	21/03/2013	27/03/2013	03/04/2013	15/12/2015	20/01/2016	30/03/2016																																
Gabriela R Melo				Brasil	RJ	Rio de Janeiro	07/12/1923	6,65858E+14			Niterói				(71) 9315-6006		GabrielaRibeiroMelo@teleworm.us																																																										
Bruno G Rocha				Brasil	RJ	Cabo Frio	09/09/1997	8,05456E+14			Niterói				(11) 2961-8509		BrunoGoncalvesRocha@fleckens.hu	15/09/1997	01/10/1997	14/11/1997	22/11/1997	05/12/1997	09/12/1997	16/12/1997	11/01/1998	15/01/1998	20/01/1998	05/02/1998	18/02/1998	15/03/1998	28/03/1998	16/06/1998	15/09/1998	20/09/1998	06/10/1998	15/01/1999	16/01/1999	28/01/1999	03/02/1999	08/02/1999	01/10/2001	05/12/2001	16/03/2002	******	******	15/01/2009	16/02/2010	05/08/2011	20/08/2011	05/06/2013	05/06/2023									21/05/2009	05/06/2014	05/01/2008	06/02/2011	05/09/2016	04/08/2018	01/09/2036	01/09/2046	07/12/2017							
Leonardo G Cunha				Brasil	RJ	Petrópolis	05/08/1958	5,10106E+14			Niterói				(83) 8207-3269		LeonardoGoncalvesCunha@gustr.com																																																			07/08/2005	15/02/2006	01/05/2012	10/08/2018	31/12/2019	31/12/2020	31/12/2021	31/12/2021
Ágatha S Alves				Brasil	RJ	Areal	24/12/1968	1,3567E+14			Niterói				(48) 5888-3848		AgathaSouzaAlves@einrot.com																																																										
Raissa D Santos				Brasil	RJ	Niterói	01/08/1936	2,76297E+14			Niterói				(27) 9405-8442		RaissaDiasSantos@teleworm.us																																																										
Matilde L Barros				Brasil	RJ	Niterói	19/08/1936	6,44111E+14			Niterói				(11) 8038-2580		MatildeLimaBarros@rhyta.com																																																										
Eduarda F Rocha				Brasil	RJ	Niterói	22/07/1924	8,06194E+13			Niterói				(49) 5590-2760		EduardaFernandesRocha@jourrapide.com																																																										
Mariana A Sousa				Brasil	RJ	Niterói	04/09/2017	8,51373E+14			Niterói				(81) 2995-2611		MarianaAzevedoSousa@armyspy.com	12/09/2017	22/09/2017	06/11/2017	15/11/2017	15/11/2017	02/12/2017	20/12/2018	06/01/2018	10/01/2018	18/01/2018	02/02/2018	15/02/2018	10/03/2018	25/03/2018	07/06/2018	04/10/2018	04/10/2018	04/10/2018	04/02/2019	04/02/2019	04/02/2019	04/02/2019	04/02/2019																																			
Isabella M Almeida				Brasil	RJ	Niterói	31/01/1960	6,37609E+14			Niterói				(44) 3008-3819		IsabellaMartinsAlmeida@superrito.com																																																										
Júlia R Rocha				Brasil	RJ	Niterói	25/11/2014	6,90727E+14			Niterói				(18) 9258-2227		JuliaRodriguesRocha@rhyta.com																																																										
João P Oliveira				Brasil	MG	Juiz de Fora	02/09/2015	9,90662E+14			Niterói				(31) 6524-7005		JoaoPintoOliveira@cuvox.de																																																										
Marcos A Ribeiro				Brasil	MG	Santana do Deserto	09/09/1989	4,48411E+14			Niterói				(11) 7829-7140		MarcosAzevedoRibeiro@superrito.com																																																										
Kai C Souza				Brasil	MG	Ubá	01/09/2005	2,70346E+14			Niterói				(71) 5455-3618		KaiCardosoSouza@teleworm.us	06/09/2005	26/09/2005	05/11/2005	10/11/2005	15/11/2005	20/11/2005	03/12/2005	05/01/2006	13/01/2006	20/01/2006	26/01/2006	05/02/2006	04/03/2006	21/03/2006	15/06/2006	06/09/2006	13/09/2006	21/09/2006	02/12/2006	10/12/2006	16/12/2006	20/12/2006	30/12/2006	05/10/2009	20/11/2009	18/12/2009	******	******	01/06/2016	25/04/2018	31/08/2020	31/08/2020	02/07/2016	02/07/2027									02/05/2018	01/09/2025	01/09/2025	01/09/2025	01/09/2025											
Clara A Martins				Brasil	RJ	Niterói	17/12/1926	6,70423E+14			Niterói				(91) 4279-8499		ClaraAlvesMartins@superrito.com																																																										
Emily C Dias				Brasil	RJ	Niterói	08/09/2010	3,20454E+14			Niterói				(31) 9353-9735		EmilyCardosoDias@armyspy.com																																																										
Clara R Costa				Brasil	RJ	Niterói	28/12/1939	5,19562E+14			Niterói				(51) 6332-9456		ClaraRibeiroCosta@superrito.com																																																										
Guilherme A Cardoso				Brasil	RJ	Niterói	22/04/1985	9,42088E+14			Niterói				(73) 3811-2498		GuilhermeAzevedoCardoso@einrot.com																																																										
Victor A Pinto				Brasil	RJ	Niterói	28/11/1959	1,20793E+13			Niterói				(71) 8284-7808		VictorAraujoPinto@superrito.com																																																										
Estevan A Azevedo				Brasil	RJ	Niterói	02/12/2016	7,4272E+13			Niterói				(34) 7640-8562		EstevanAlmeidaAzevedo@jourrapide.com																																																										
Tiago R Alves				Brasil	SP	São Caetano do Sul	10/05/1929	4,28737E+14			Niterói				(21) 9264-2274		TiagoRodriguesAlves@gustr.com																																																										
Gabrielly S Araujo				Brasil	SP	Jundiaí	06/03/1923	4,85769E+13			Niterói				(31) 5884-2435		GabriellySantosAraujo@dayrep.com																																																										
Vitor C Souza				Brasil	RJ	Teresópolis	24/09/1996	5,3741E+14			Niterói				(24) 6601-5692		VitorCunhaSouza@einrot.com																																																										
Leonardo R Carvalho				Brasil	RJ	Niterói	17/11/1969	8,90748E+14			Niterói				(11) 6848-2376		LeonardoRochaCarvalho@einrot.com																																																										
Diogo C Santos				Brasil	RJ	Niterói	26/07/2003	2,66917E+14			Niterói				(21) 8470-3996		DiogoCardosoSantos@dayrep.com																																																										
Julia A Rocha				Brasil	RJ	Niterói	02/06/1977	4,21406E+14			Niterói				(12) 2484-9006		JuliaAlmeidaRocha@armyspy.com																																																										
Sophia G Dias				Brasil	RJ	Niterói	01/03/1995	5,88181E+14			Niterói				(81) 3773-7698		SophiaGoncalvesDias@superrito.com																																																										
Larissa G Souza				Brasil	RJ	Niterói	19/03/1983	2,85436E+14			Niterói				(85) 7673-2044		LarissaGoncalvesSouza@einrot.com																																																										
Giovana B Sousa				Brasil	RJ	Niterói	02/02/2002	2,46165E+14			Niterói				(11) 3308-8714		GiovanaBarbosaSousa@dayrep.com																																																										
Gabriel F Sousa				Brasil	RJ	Niterói	03/10/2017	5,33188E+14			Niterói				(18) 9976-4425		GabrielFerreiraSousa@fleckens.hu																																																										
Isabela G Pinto				Brasil	RJ	Niterói	08/04/1929	8,24531E+14			Niterói				(67) 4623-2547		IsabelaGoncalvesPinto@fleckens.hu																																																										
Nicolash G Sousa				Brasil	RJ	Niterói	19/05/1977	6,24701E+13			Niterói				(65) 4257-4370		NicolashGoncalvesSousa@rhyta.com																																																										
Gabrielle A Lima				Brasil	RJ	Niterói	23/07/1987	7,20273E+14			Niterói				(81) 5863-2207		GabrielleAzevedoLima@fleckens.hu																																																										
Emily F Pereira				Brasil	RJ	Niterói	28/03/1948	6,0394E+14			Niterói				(37) 7285-4496		EmilyFernandesPereira@armyspy.com																																																										
Júlio S Gomes				Brasil	RJ	Niterói	01/08/1960	8,75893E+14			Niterói				(11) 6048-6262		JulioSouzaGomes@dayrep.com																																																										
Vitor D Araujo				Brasil	RJ	Niterói	10/10/1937	5,64869E+14			Niterói				(11) 9639-3798		VitorDiasAraujo@cuvox.de																																																										
Estevan C Araujo				Brasil	RJ	Niterói	22/10/2001	7,54244E+14			Niterói				(11) 6596-5344		EstevanCostaAraujo@rhyta.com																																																										
Gabrielly R Rodrigues				Brasil	RJ	Niterói	6/18/1977	6,14091E+14			Niterói				(73) 4622-9079		GabriellyRibeiroRodrigues@einrot.com																																																										
Marisa G Melo				Brasil	RJ	Niterói	22/12/2009	6,85829E+13			Niterói				(16) 4774-4050		MarisaGoncalvesMelo@einrot.com																																																										
Victor S Dias				Brasil	RJ	Niterói	28/02/1988	1,03514E+14			Niterói				(12) 2166-7454		VictorSilvaDias@einrot.com																																																										
Douglas L Costa				Brasil	RJ	Niterói	25/11/1943	2,92041E+14			Niterói				(81) 4640-8685		DouglasLimaCosta@superrito.com																																																										
Bianca R Carvalho				Brasil	SP	São Bernarardo dos Campos	28/10/2015	1,32585E+14			Niterói				(77) 5541-4421		BiancaRochaCarvalho@einrot.com																																																										
Nicole R Gomes				Brasil	PR	Maringá	23/08/1928	7,00005E+14			Niterói				(19) 4533-9514		NicoleRodriguesGomes@rhyta.com																																																										
Caio A Lima				Brasil	RJ	Cachoeiro de Macacu	17/08/1939	8,53113E+14			Niterói				(44) 5651-5335		CaioAlvesLima@armyspy.com																																																										
Vinicius C Cavalcanti				Brasil	RJ	Nova Friburgo	16/10/1943	3,15317E+14			Niterói				(31) 5936-8526		ViniciusCastroCavalcanti@dayrep.com																																																										
Fernanda C Santos				Brasil	MG	Tiradentes	14/12/2009	6,63085E+14			Niterói				(71) 2552-7040		FernandaCardosoSantos@superrito.com																																																										
Erick M Almeida				Brasil	MG	São João del Rey	10/07/2011	3,13946E+14			Niterói				(81) 2206-6896		ErickMartinsAlmeida@rhyta.com																																																										
Enzo A Carvalho				Brasil	BA	Salvador	15/09/1979	8,24224E+14			Niterói				(65) 7053-9137		EnzoAlvesCarvalho@dayrep.com																																																										
Letícia S Carvalho				Brasil	CE	Fortaleza	16/05/1929	4,81875E+14			Niterói				(81) 8519-3943		LeticiaSousaCarvalho@einrot.com																																																										
Caio B Martins				Brasil	GO	Goiânia	20/05/1972	9,88411E+14			Niterói				(31) 8707-6529		CaioBarbosaMartins@einrot.com																																																										
Vitór C Pinto				Brasil	RJ	Niterói	06/05/1978	7,95984E+14			Niterói				(41) 9234-6218		VitorCarvalhoPinto@gustr.com																																																										
Vinícius C Lima				Brasil	RJ	Niterói	22/05/1998	9,45798E+14			Niterói				(41) 5227-7899		ViniciusCorreiaLima@rhyta.com																																																										
Ana R Azevedo				Brasil	RJ	Niterói	14/11/1985	4,73962E+14			Niterói				(12) 5271-6978		AnaRibeiroAzevedo@dayrep.com																																																										
Luiz C Dias				Brasil	RJ	Niterói	08/03/1970	2,97878E+14			Niterói				(21) 8205-8247		LuizCunhaDias@gustr.com																																																										
Enzo F Carvalho				Brasil	RJ	Niterói	03/03/1934	5,24911E+14			Niterói				(62) 3374-8284		EnzoFerreiraCarvalho@superrito.com																																																										
Davi S Pinto				Brasil	RJ	Niterói	24/01/1951	6,18406E+14			Niterói				(51) 5776-3715		DaviSantosPinto@fleckens.hu																																																										
Marisa C Dias				Brasil	DF	Ceilândia	13/02/1999	5,24447E+13			Niterói				(96) 4395-2917		MarisaCastroDias@jourrapide.com																																																										
Sarah R Silva				Brasil	RJ	São Gonçalo	16/11/2004	8,21761E+14			Niterói				(85) 2331-6106		SarahRochaSilva@jourrapide.com																																																										
Tânia M Araujo				Brasil	RJ	Rio de Janeiro	30/04/1985	9,69115E+14			Niterói				(22) 2528-9249		TaniaMeloAraujo@rhyta.com																																																										
Vitória C Araujo				Brasil	SC	Florianópolis	16/12/1924	5,52739E+14			Niterói				(11) 7646-4704		VitoriaCastroAraujo@armyspy.com																																																										
Carla G Ribeiro				Brasil	RJ	Angra dos Reis	28/10/1921	7,92614E+14			Niterói				(62) 2042-8025		CarlaGoncalvesRibeiro@gustr.com																																																										
Sophia L Sousa				Brasil	RJ	Rio Bonito	12/10/1925	6,23897E+14			Niterói				(21) 2260-9454		SophiaLimaSousa@superrito.com																																																										
Kai G Gomes				Brasil	RJ	Rio das Ostras	08/05/1933	8,54116E+14			Niterói				(11) 5325-7593		KaiGoncalvesGomes@dayrep.com																																																										
Enzo S Cardoso				Brasil	RJ	Macaé	03/12/1935	5,84965E+14			Niterói				(47) 3386-7717		EnzoSilvaCardoso@jourrapide.com																																																										
Davi B Dias				Brasil	RJ	Maricá	24/08/1959	9,51474E+14			Niterói				(71) 9492-8652		DaviBarbosaDias@gustr.com																																																										
Joao C Pinto				Brasil	RJ	Niterói	22/01/2001	9,33421E+14			Niterói				(21) 5537-4262		JoaoCardosoPinto@superrito.com																																																										
Maria S Oliveira				Brasil	RJ	Niterói	14/06/2018	7,12859E+14			Niterói				(33) 3477-9380		MariaSouzaOliveira@armyspy.com																																																										
Camila S Souza				Brasil	RJ	Niterói	03/12/1943	8,53296E+14			Niterói				(21) 3339-2959		CamilaSantosSouza@dayrep.com																																																										
Thiago R Gomes				Brasil	RJ	Niterói	25/02/1951	6,62513E+13			Niterói				(67) 6954-8721		ThiagoRodriguesGomes@einrot.com																																																										
Livia C Sousa				Brasil	RJ	Niterói	20/05/1974	6,86907E+14			Niterói				(61) 8287-3515		LiviaCarvalhoSousa@jourrapide.com																																																										
Carolina M Sousa				Brasil	RJ	Niterói	24/05/2007	8,38465E+14			Niterói				(67) 8380-9156		CarolinaMartinsSousa@gustr.com																																																										
Giovanna B Pereira				Brasil	RJ	Niterói	10/04/2010	5,87583E+13			Niterói				(85) 2670-3630		GiovannaBarbosaPereira@rhyta.com																																																										
Leonardo C Azevedo				Brasil	RJ	Niterói	10/12/2004	3,37274E+14			Niterói				(11) 7587-6707		LeonardoCastroAzevedo@jourrapide.com																																																										
Vitor A Lima				Brasil	RJ	Niterói	31/12/1958	7,71656E+14			Niterói				(19) 4849-8862		VitorAraujoLima@armyspy.com																																																										
Sophia A Ribeiro				Brasil	RJ	Niterói	14/12/2009	9,97172E+13			Niterói				(24) 5449-9516		SophiaAraujoRibeiro@armyspy.com																																																										
José C Rodrigues				Brasil	SP	São Paulo	31/12/1956	5,24689E+14			Niterói				(14) 6531-3418		JoseCarvalhoRodrigues@armyspy.com																																																										
Leila G Souza				Brasil	SP	São Vicente	13/11/1989	7,61633E+14			Niterói				(63) 9903-4731		LeilaGoncalvesSouza@dayrep.com																																																										
Samuel C Rodrigues				Brasil	SP	Santos	09/11/1931	4,45135E+13			Niterói				(21) 3602-4433		SamuelCavalcantiRodrigues@einrot.com																																																										
Vitória C Almeida				Brasil	RJ	Areal	22/08/2009	8,59913E+14			Niterói				(51) 8442-9521		VitoriaCorreiaAlmeida@armyspy.com																																																										
Emilly A Pinto				Brasil	RJ	Angra dos Reis	27/02/2006	4,51903E+14			Niterói				(67) 6981-5796		EmillyAlmeidaPinto@teleworm.us																																																										
Diego F Silva				Brasil	RJ	Niterói	04/07/1999	8,4973E+14			Niterói				(19) 9295-6565		DiegoFerreiraSilva@superrito.com																																																										
Melissa R Castro				Brasil	SP	Santo André	31/05/2014	4,85587E+14			Niterói				(11) 6021-5793		MelissaRochaCastro@teleworm.us																																																										
Gabrielle S Castro				Brasil	MG	Belo Horizonte	21/08/1978	7,39614E+14			Niterói				(48) 9990-7278		GabrielleSouzaCastro@superrito.com																																																										
Rafaela S Cardoso				Brasil	RJ	Niterói	20/07/1956	8,44403E+14			Niterói				(98) 9923-8633		RafaelaSousaCardoso@cuvox.de																																																										
Vitória G Ribeiro				Brasil	RJ	Niterói	30/08/1969	9,93955E+14			Niterói				(92) 3407-9123		VitoriaGoncalvesRibeiro@dayrep.com																																																										
Paulo C Pinto				Brasil	RJ	Niterói	22/03/2004	2,27778E+14			Niterói				(31) 4934-5158		PauloCastroPinto@dayrep.com																																																										
Raissa L Sousa				Brasil	RJ	Niterói	01/04/1955	6,7462E+13			Niterói				(31) 5077-8884		RaissaLimaSousa@dayrep.com																																																										
Paulo O Barbosa				Brasil	RJ	Niterói	21/06/1947	3,47126E+14			Niterói				(85) 9337-8789		PauloOliveiraBarbosa@dayrep.com																																																										
Vinícius R Pinto				Brasil	RJ	Niterói	18/02/2010	2,90946E+14			Niterói				(41) 2572-4280		ViniciusRochaPinto@dayrep.com																																																										
Mateus A Rocha				Brasil	RJ	Niterói	26/04/1970	4,86299E+14			Niterói				(63) 4011-9933		MateusAraujoRocha@cuvox.de																																																										
Gabriela P Fernandes				Brasil	RJ	Niterói	15/10/1932	4,43703E+14			Niterói				(35) 2007-6914		GabrielaPereiraFernandes@rhyta.com																																																										
Gabriel M Castro				Brasil	RJ	Niterói	09/07/1955	2,76345E+14			Niterói				(43) 9056-3885		GabrielMeloCastro@gustr.com																																																										
Maria O Azevedo				Brasil	RJ	Niterói	25/03/1938	6,13021E+14			Niterói				(67) 3978-4650		MariaOliveiraAzevedo@jourrapide.com																																																										
Pedro S Lima				Brasil	RJ	Niterói	15/10/1971	9,41675E+14			Niterói				(27) 4661-3444		PedroSilvaLima@einrot.com																																																										
Eduardo L Alves				Brasil	RJ	Niterói	11/08/2008	3,27721E+14			Niterói				(34) 9509-3164		EduardoLimaAlves@dayrep.com																																																										
Evelyn L Ribeiro				Brasil	PR	Curitiba	21/02/1924	6,95762E+14			Niterói				(81) 9396-8289		EvelynLimaRibeiro@rhyta.com																																																										
Emily G Cunha				Brasil	MG	Uberlândia	22/02/1954	3,55127E+14			Niterói				(79) 5323-2182		EmilyGoncalvesCunha@gustr.com																																																										
Kauan A Silva				Brasil	RJ	Niterói	09/05/1928	2,17794E+14			Niterói				(21) 9474-3724		KauanAzevedoSilva@rhyta.com																																																										
Bruna C Costa				Brasil	RJ	Niterói	14/07/1966	9,8749E+14			Niterói				(27) 7668-9367		BrunaCunhaCosta@superrito.com																																																										
Luiza O Goncalves				Brasil	RJ	Niterói	19/12/1957	4,6024E+14			Niterói				(21) 2847-6947		LuizaOliveiraGoncalves@armyspy.com																																																										
Vitór P Cardoso				Brasil	RJ	Niterói	20/02/2006	1,02852E+14			Niterói				(11) 7289-8649		VitorPintoCardoso@teleworm.us																																																										
Felipe A Barbosa				Brasil	RJ	Niterói	04/09/1926	2,65289E+14			Niterói				(11) 2373-8541		FelipeAlvesBarbosa@einrot.com																																																										
Anna B Cavalcanti				Brasil	RJ	Niterói	22/12/1949	8,20005E+14			Niterói				(41) 9197-4462		AnnaBarrosCavalcanti@rhyta.com																																																										
Daniel A Rodrigues				Brasil	RJ	Niterói	11/02/1975	1,36766E+14			Niterói				(94) 4341-9276		DanielAlmeidaRodrigues@dayrep.com																																																										
Ana S Oliveira				Brasil	RJ	Niterói	07/10/1998	9,66977E+14			Niterói				(11) 3326-3593		AnaSantosOliveira@teleworm.us																																																										
Camila D Alves				Brasil	RJ	Niterói	24/08/1999	6,99377E+14			Niterói				(31) 7254-4684		CamilaDiasAlves@teleworm.us																																																										
Miguel G Dias				Brasil	RJ	Niterói	08/11/1975	7,54341E+14			Niterói				(92) 7908-2048		MiguelGoncalvesDias@fleckens.hu																																																										
André R Cardoso				Brasil	RJ	Três Rios	29/04/2015	9,84923E+14			Niterói				(21) 7728-3686		AndreRochaCardoso@cuvox.de																																																										
Martim C Souza				Brasil	RJ	Niterói	05/05/1936	6,14059E+14			Niterói				(11) 2040-7898		MartimCavalcantiSouza@dayrep.com																																																										
Alex C Barbosa				Brasil	RJ	Niterói	14/05/2012	5,56948E+14			Niterói				(81) 6150-4706		AlexCostaBarbosa@gustr.com																																																										
Lucas R Barros				Brasil	RJ	Niterói	11/03/1955	1,56663E+14			Niterói				(61) 2110-3881		LucasRochaBarros@jourrapide.com																																																										
Igor R Souza				Brasil	RJ	Niterói	08/04/1929	5,6416E+14			Niterói				(91) 9887-2973		IgorRibeiroSouza@jourrapide.com																																																										
Nicolash C Azevedo				Brasil	RJ	Niterói	06/01/1991	5,14271E+14			Niterói				(21) 5436-8567		NicolashCavalcantiAzevedo@gustr.com																																																										
Thaís S Souza				Brasil	RJ	Niterói	14/06/1977	4,07924E+14			Niterói				(11) 5285-7264		ThaisSousaSouza@gustr.com																																																										
Ana S Dias				Brasil	SP	Aparecida do Norte	18/11/1961	7,77295E+14			Niterói				(83) 9144-6617		AnaSilvaDias@fleckens.hu																																																										
Livia C Cunha				Brasil	RJ	Magé	04/05/1932	4,69151E+14			Niterói				(81) 8753-3290		LiviaCardosoCunha@jourrapide.com																																																										
Júlia S Ferreira				Brasil	RJ	Niterói	22/04/1972	9,84714E+14			Niterói				(13) 7913-8226		JuliaSilvaFerreira@gustr.com																																																										
Giovana O Azevedo				Brasil	RJ	Niterói	11/09/1953	4,54471E+14			Niterói				(35) 3890-5159		GiovanaOliveiraAzevedo@dayrep.com																																																										
José C Costa				Brasil	RJ	Niterói	15/06/2011	1,18699E+14			Niterói				(34) 2843-7036		JoseCorreiaCosta@fleckens.hu																																																										
Camila S Barros				Brasil	RJ	Niterói	08/10/2009	3,11859E+14			Niterói				(27) 4124-9910		CamilaSilvaBarros@teleworm.us																																																										
Danilo C Oliveira				Brasil	RJ	Niterói	09/01/1949	1,73943E+14			Niterói				(61) 5192-5101		DaniloCardosoOliveira@teleworm.us																																																										
Martim S Silva				Brasil	RJ	Niterói	30/09/1948	3,45431E+14			Niterói				(14) 8375-6131		MartimSousaSilva@superrito.com																																																										
Emilly C Rodrigues				Brasil	RJ	Bagé	25/10/1923	7,06191E+14			Niterói				(19) 8513-5047		EmillyCostaRodrigues@jourrapide.com																																																										
Yasmin F Cunha				Brasil	RJ	Niterói	18/08/1924	9,67511E+14			Niterói				(11) 5774-9309		YasminFerreiraCunha@teleworm.us																																																										
Amanda C Ribeiro				Brasil	RJ	Niterói	07/02/1987	1,38849E+14			Niterói				(81) 2392-6539		AmandaCarvalhoRibeiro@gustr.com																																																										
Leonor L Cardoso				Brasil	RJ	Niterói	09/12/1941	2,27837E+13			Niterói				(51) 8124-2941		LeonorLimaCardoso@gustr.com																																																										
Livia S Correia				Brasil	RJ	Niterói	23/08/1940	9,70866E+14			Niterói				(19) 9900-4839		LiviaSouzaCorreia@teleworm.us																																																										
Yasmin C Pinto				Brasil	RJ	Niterói	26/06/1956	3,87557E+14			Niterói				(21) 3497-5279		YasminCastroPinto@jourrapide.com																																																										
Nicolash A Rocha				Brasil	RJ	Niterói	12/08/2008	5,48634E+14			Niterói				(96) 3205-4660		NicolashAlvesRocha@armyspy.com																																																										
Tiago B Correia				Brasil	SC	Santa Catarina	14/04/1919	3,68124E+14			Niterói				(65) 5768-3071		TiagoBarrosCorreia@superrito.com																																																										
Antônio G Oliveira				Brasil	RJ	Niterói	03/08/1976	4,52316E+14			Niterói				(48) 3113-6360		AntonioGoncalvesOliveira@jourrapide.com																																																										
Amanda R Alves				Brasil	RJ	Niterói	18/08/1940	9,32754E+14			Niterói				(81) 3242-3183		AmandaRochaAlves@gustr.com																																																										
Isabella L Rodrigues				Brasil	RJ	Niterói	14/12/1925	7,81013E+14			Niterói				(32) 2984-9860		IsabellaLimaRodrigues@cuvox.de																																																										
Livia P Barros				Brasil	RJ	Niterói	22/01/1919	9,81157E+14			Niterói				(61) 9500-4355		LiviaPintoBarros@gustr.com																																																										
Paulo C Fernandes				Brasil	RJ	Niterói	16/12/1940	5,42645E+14			Niterói				(51) 9989-2907		PauloCastroFernandes@einrot.com																																																										
Diogo G Dias				Brasil	RJ	Niterói	05/06/1954	1,59366E+14			Niterói				(41) 3081-4302		DiogoGomesDias@teleworm.us																																																										
Júlia R Dias				Brasil	RJ	Araruama	07/09/2016	1,28394E+14			Niterói				(47) 2390-6180		JuliaRochaDias@armyspy.com																																																										
Igor C Lima				Brasil	RJ	Niterói	17/10/1943	7,26653E+14			Niterói				(15) 7832-7160		IgorCastroLima@gustr.com																																																										
Beatrice A Cunha				Brasil	RJ	Niterói	21/07/1924	8,22762E+14			Niterói				(77) 3734-4796		BeatriceAzevedoCunha@dayrep.com																																																										
Miguel S Souza				Brasil	RJ	Niterói	10/12/2015	1,99865E+14			Niterói				(21) 2684-5830		MiguelSantosSouza@fleckens.hu																																																										
Joao S Carvalho				Brasil	RJ	Niterói	26/12/1946	2,67535E+14			Niterói				(83) 9014-3477		JoaoSousaCarvalho@armyspy.com																																																										
Fábio R Castro				Brasil	RJ	Niterói	06/10/2005	4,08496E+14			Niterói				(27) 7820-4829		FabioRodriguesCastro@einrot.com																																																										
Carolina C Costa				Brasil	RJ	Niterói	23/02/1992	7,53418E+14			Niterói				(85) 6955-5494		CarolinaCarvalhoCosta@jourrapide.com																																																										
Emilly M Barbosa				Brasil	RJ	Araruama	27/11/1928	3,19269E+14			Niterói				(11) 8700-7612		EmillyMartinsBarbosa@jourrapide.com																																																										
Vitor C Cardoso				Brasil	RJ	Arraial do Cabo	29/03/1932	9,47399E+14			Niterói				(62) 6425-9900		VitorCarvalhoCardoso@teleworm.us																																																										
Vinicius C Alves				Brasil	RJ	Niterói	04/08/1997	4,59718E+13			Niterói				(81) 6120-2497		ViniciusCorreiaAlves@superrito.com																																																										
Luana M Oliveira				Brasil	RJ	Niterói	28/08/1939	9,05735E+14			Niterói				(27) 9392-5492		LuanaMeloOliveira@rhyta.com																																																										
Danilo C Silva				Brasil	RJ	Niterói	24/06/1986	6,83171E+14			Niterói				(21) 5831-2446		DaniloCorreiaSilva@superrito.com																																																										
Samuel C Gomes				Brasil	RJ	Niterói	10/02/1926	2,75748E+14			Niterói				(11) 4915-5574		SamuelCastroGomes@gustr.com																																																										
Vinícius C Ribeiro				Brasil	RJ	Niterói	02/11/2005	3,35753E+14			Niterói				(31) 6588-7800		ViniciusCavalcantiRibeiro@fleckens.hu																																																										
Pedro L Melo				Brasil	RJ	Niterói	12/02/1982	4,36002E+14			Niterói				(51) 9672-8669		PedroLimaMelo@superrito.com																																																										
Joao M Souza				Brasil	RJ	Teresópolis	17/11/1971	8,58324E+14			Niterói				(47) 4174-7203		JoaoMeloSouza@einrot.com																																																										
Maria F Alves				Brasil	MG	Juiz de Fora	13/11/1930	1,83885E+14			Niterói				(11) 9894-3617		MariaFerreiraAlves@gustr.com																																																										
Aline F Ribeiro				Brasil	RJ	Petrópolis	22/11/1960	3,93226E+14			Niterói				(21) 5482-9463		AlineFerreiraRibeiro@armyspy.com																																																										
Enzo G Araujo				Brasil	RJ	Niterói	01/12/2005	8,63243E+14			Niterói				(71) 7572-4162		EnzoGoncalvesAraujo@jourrapide.com																																																										
Luís C Cunha				Brasil	RJ	Niterói	12/11/1922	8,60193E+14			Niterói				(11) 7830-6480		LuisCavalcantiCunha@armyspy.com																																																										
João C Melo				Brasil	RJ	Niterói	20/09/1950	8,92127E+14			Niterói				(81) 5960-8310		JoaoCorreiaMelo@superrito.com																																																										
Eduardo A Melo				Brasil	RJ	Niterói	25/02/1996	4,16436E+14			Niterói				(31) 6562-9594		EduardoAzevedoMelo@dayrep.com																																																										
Brenda P Araujo				Brasil	RJ	Niterói	23/04/2013	4,65778E+14			Niterói				(35) 5783-4774		BrendaPereiraAraujo@dayrep.com																																																										
Fábio F Silva				Brasil	RJ	Niterói	19/07/2010	2,35989E+14			Niterói				(24) 2034-5528		FabioFernandesSilva@fleckens.hu																																																										
Victor S Souza				Brasil	RJ	Magé	25/01/1985	6,57225E+14			Niterói				(15) 9368-6165		VictorSousaSouza@einrot.com																																																										
Giovanna S Gomes				Brasil	RJ	Maricá	15/10/1963	9,55834E+13			Niterói				(61) 4083-8513		GiovannaSilvaGomes@teleworm.us																																																										
Gabriela A Cardoso				Brasil	RJ	Niterói	21/06/2011	7,86509E+14			Niterói				(45) 7404-9149		GabrielaAlmeidaCardoso@gustr.com																																																										
Sofia R Castro				Brasil	RJ	Niterói	25/02/1982	1,48697E+14			Niterói				(27) 5445-4355		SofiaRibeiroCastro@einrot.com																																																										
Brenda G Santos				Brasil	RJ	Niterói	25/02/1948	1,23874E+14			Niterói				(11) 7602-7561		BrendaGoncalvesSantos@armyspy.com																																																										
Thiago M Pinto				Brasil	RJ	Niterói	29/03/1960	6,6042E+14			Niterói				(19) 7680-3835		ThiagoMartinsPinto@einrot.com																																																										
Matheus C Gomes				Brasil	RJ	Niterói	18/03/1989	1,27405E+14			Niterói				(27) 4460-7822		MatheusCastroGomes@teleworm.us																																																										
Isabela C Carvalho				Brasil	RJ	Niterói	06/01/1958	1,88231E+14			Niterói				(21) 5390-4592		IsabelaCorreiaCarvalho@einrot.com																																																										
Isabela C Gomes				Brasil	RJ	Niterói	12/07/1922	4,8914E+14			Niterói				(71) 4332-6730		IsabelaCorreiaGomes@gustr.com																																																										
Vitória A Barbosa				Brasil	RJ	Nova Iguaçu	15/08/1988	2,48571E+13			Niterói				(48) 7018-2716		VitoriaAlmeidaBarbosa@cuvox.de																																																										
Júlia P Correia				Brasil	RJ	Duque de Caxias	22/09/1975	6,98512E+14			Niterói				(31) 6635-4217		JuliaPereiraCorreia@fleckens.hu																																																										
Melissa M Cunha				Brasil	RJ	Niterói	18/04/1983	3,42738E+14			Niterói				(12) 9048-7147		MelissaMeloCunha@fleckens.hu																																																										
Carolina C Carvalho				Brasil	RJ	Niterói	26/06/1940	2,56017E+14			Niterói				(42) 7253-5372		CarolinaCastroCarvalho@teleworm.us																																																										
Maria C Martins				Brasil	RJ	Niterói	20/04/1992	3,22506E+14			Niterói				(61) 6664-6360		MariaCastroMartins@einrot.com																																																										
Vinícius F Martins				Brasil	RJ	Niterói	28/07/1987	8,83494E+14			Niterói				(51) 7116-7186		ViniciusFerreiraMartins@cuvox.de																																																										
Raissa A Santos				Brasil	RJ	Niterói	24/06/1987	7,44095E+14			Niterói				(74) 4037-3766		RaissaAraujoSantos@einrot.com																																																										
Maria O Araujo				Brasil	RJ	Niterói	28/08/1947	5,19968E+14			Niterói				(14) 3628-4892		MariaOliveiraAraujo@superrito.com																																																										
Diogo C Cunha				Brasil	RS	Pelotas	04/01/1947	4,24529E+13			Niterói				(11) 5629-5452		DiogoCarvalhoCunha@teleworm.us																																																										
Joao C Ferreira				Brasil	TO	Palmas	27/02/1932	4,22419E+14			Niterói				(27) 8549-7101		JoaoCavalcantiFerreira@superrito.com																																																										
Matilde S Pinto				Brasil	BA	Joazeiro do Norte	27/02/1932	9,96242E+14			Niterói				(11) 2490-8228		MatildeSilvaPinto@armyspy.com																																																										
Tomás C Rocha				Brasil	RJ	São Gonçalo	19/09/2001	8,33175E+14			Niterói				(85) 3915-3714		TomasCardosoRocha@dayrep.com																																																										
Luiz C Pinto				Brasil	RJ	Niterói	11/10/1980	5,40175E+14			Niterói				(62) 8735-2609		LuizCavalcantiPinto@armyspy.com																																																										
Emily A Ferreira				Brasil	RJ	Niterói	02/10/1949	9,54029E+13			Niterói				(41) 3532-4062		EmilyAlvesFerreira@einrot.com																																																										
Laura F Cavalcanti				Brasil	RJ	Niterói	18/01/2014	3,98406E+14			Niterói				(11) 8684-8271		LauraFernandesCavalcanti@einrot.com																																																										
Yasmin C Barbosa				Brasil	RJ	Niterói	19/12/2007	5,02143E+14			Niterói				(12) 2133-5911		YasminCorreiaBarbosa@rhyta.com																																																										
Eduardo O Alves				Brasil	RJ	Niterói	14/12/1924	8,95855E+12			Niterói				(61) 8777-3223		EduardoOliveiraAlves@gustr.com																																																										
Danilo C Sousa				Brasil	RJ	Niterói	06/12/1949	8,51066E+14			Niterói				(31) 2946-5037		DaniloCarvalhoSousa@cuvox.de																																																										
Luiza C Costa				Brasil	RJ	Itaboraí	21/06/1992	3,5415E+14			Niterói				(47) 8492-4815		LuizaCavalcantiCosta@cuvox.de																																																										
Melissa P Almeida				Brasil	SC	Florianópolis	25/05/1930	4,86692E+14			Niterói				(21) 9950-9484		MelissaPintoAlmeida@einrot.com																																																										
Douglas M Araujo				Brasil	MS	Campo Grande	11/02/1976	9,92311E+14			Niterói				(21) 3556-8581		DouglasMeloAraujo@superrito.com																																																										
Diogo B Cardoso				Brasil	RJ	Niterói	07/08/2003	6,38809E+11			Niterói				(73) 9349-2640		DiogoBarrosCardoso@teleworm.us																																																										
Nicolas S Alves				Brasil	RJ	Niterói	11/01/1945	7,82924E+14			Niterói				(27) 5882-5064		NicolasSantosAlves@fleckens.hu																																																										
Davi L Alves				Brasil	RJ	Niterói	15/06/1937	5,88642E+14			Niterói				(81) 2804-8955		DaviLimaAlves@rhyta.com																																																										
Sofia S Barbosa				Brasil	RJ	Niterói	01/04/1937	7,67069E+14			Niterói				(21) 4020-3582		SofiaSantosBarbosa@einrot.com																																																										
Gabrielle A Melo				Brasil	RJ	Niterói	23/03/1919	8,23699E+14			Niterói				(16) 4895-5100		GabrielleAlvesMelo@fleckens.hu																																																										
Bruno A Martins				Brasil	RJ	Niterói	12/01/1969	6,04311E+14			Niterói				(47) 5272-7680		BrunoAzevedoMartins@jourrapide.com																																																										
Anna P Ribeiro				Brasil	RJ	Rio de Janeiro	29/09/1975	7,29089E+14			Niterói				(11) 5232-3705		AnnaPintoRibeiro@dayrep.com																																																										
Luana M Costa				Brasil	RJ	Niterói	24/10/1949	9,07449E+14			Niterói				(86) 2053-2076		LuanaMartinsCosta@superrito.com																																																										
Luana P Ferreira				Brasil	RJ	Niterói	02/02/1925	2,59338E+13			Niterói				(19) 5857-3949		LuanaPereiraFerreira@teleworm.us																																																										
Martim B Pereira				Brasil	RJ	Niterói	27/09/1960	4,4694E+14			Niterói				(85) 8726-9268		MartimBarrosPereira@teleworm.us																																																										
Giovana S Oliveira				Brasil	RJ	Niterói	11/12/2004	8,23915E+14			Niterói				(34) 9806-9921		GiovanaSantosOliveira@armyspy.com																																																										
Bruna P Almeida				Brasil	RJ	Niterói	08/05/1987	1,82777E+14			Niterói				(11) 3648-6256		BrunaPintoAlmeida@dayrep.com																																																										
Maria M Souza				Brasil	RJ	Niterói	08/07/2010	8,16119E+14			Niterói				(92) 5791-4700		MariaMeloSouza@dayrep.com																																																										
Bruno M Rocha				Brasil	RJ	Niterói	01/04/1968	8,54022E+14			Niterói				(34) 3463-4502		BrunoMeloRocha@superrito.com																																																										
Ágatha C Dias				Brasil	RJ	Niterói	08/09/1998	5,30241E+14			Niterói				(31) 5700-5825		AgathaCostaDias@einrot.com																																																										
Beatriz B Costa				Brasil	RJ	Búzios	04/06/1998	5,84997E+14			Niterói				(18) 8707-5234		BeatrizBarrosCosta@armyspy.com																																																										
Gabrielle G Pinto				Brasil	RJ	Rio das Ostras	07/07/1947	8,09824E+14			Niterói				(27) 3750-7785		GabrielleGomesPinto@superrito.com																																																										
Leonardo S Goncalves				Brasil	RJ	Niterói	31/03/1997	3,64765E+14			Niterói				(85) 2455-2712		LeonardoSilvaGoncalves@gustr.com																																																										
Luan D Cardoso				Brasil	RJ	Niterói	23/11/1957	1,91084E+14			Niterói				(85) 9083-2415		LuanDiasCardoso@fleckens.hu																																																										
Daniel R Castro				Brasil	RJ	Niterói	08/04/1929	2,66742E+14			Niterói				(92) 2495-9568		DanielRibeiroCastro@gustr.com																																																										
Ana A Dias				Brasil	RJ	Niterói	21/07/2010	8,93002E+14			Niterói				(81) 2073-4848		AnaAraujoDias@superrito.com																																																										
Tânia C Santos				Brasil	RJ	Niterói	26/04/1973	7,61336E+14			Niterói				(14) 8787-4078		TaniaCorreiaSantos@cuvox.de																																																										
Paulo C Sousa				Brasil	RJ	Niterói	06/03/1941	3,55755E+14			Niterói				(11) 3149-8448		PauloCunhaSousa@rhyta.com																																																										
Carlos C Souza				Brasil	RJ	Magé	27/01/2016	8,47071E+14			Niterói				(21) 5724-7526		CarlosCastroSouza@einrot.com																																																										
Vitór B Pereira				Brasil	ES	Piúma	21/04/2003	5,55121E+14			Niterói				(11) 3682-4190		VitorBarbosaPereira@dayrep.com																																																										
Rodrigo S Souza				Brasil	ES	Iriri	13/02/1994	7,80489E+14			Niterói				(11) 8001-4173		RodrigoSantosSouza@superrito.com																																																										
Leila G Almeida				Brasil	RJ	Niterói	02/07/2001	4,11924E+14			Niterói				(27) 8564-5623		LeilaGomesAlmeida@armyspy.com																																																										
Lara R Barbosa				Brasil	RJ	Niterói	15/04/1938	5,12651E+14			Niterói				(61) 7079-2688		LaraRibeiroBarbosa@cuvox.de																																																										
Vitória F Gomes				Brasil	RJ	Niterói	07/11/1946	7,99882E+14			Niterói				(79) 8858-7825		VitoriaFernandesGomes@jourrapide.com																																																										
Kaua G Alves				Brasil	RJ	Niterói	07/02/2017	7,45001E+14			Niterói				(21) 4016-5822		KauaGoncalvesAlves@jourrapide.com																																																										
Erick S Barbosa				Brasil	RJ	Niterói	24/02/2014	8,27816E+14			Niterói				(62) 9033-9723		ErickSilvaBarbosa@fleckens.hu																																																										
Julian R Pereira				Brasil	RJ	Niterói	03/03/1938	8,67479E+14			Niterói				(83) 6125-5590		JulianRodriguesPereira@einrot.com																																																										
Julia F Alves				Brasil	MG	São João Nepobuceno	06/03/1946	8,65557E+14			Niterói				(27) 5902-8062		JuliaFerreiraAlves@fleckens.hu																																																										
Rebeca P Barbosa				Brasil	RJ	Nova Iguaçu	27/10/1944	4,12151E+14			Niterói				(41) 2756-3105		RebecaPereiraBarbosa@gustr.com																																																										
Bruno L Oliveira				Brasil	RJ	São João do Meriti	09/09/1938	3,62818E+14			Niterói				(21) 4617-6353		BrunoLimaOliveira@dayrep.com																																																										
Rebeca F Santos				Brasil	RJ	Niterói	22/01/1975	7,53804E+13			Niterói				(31) 9626-9244		RebecaFernandesSantos@gustr.com																																																										
Vinícius M Pereira				Brasil	RJ	Niterói	08/08/1923	5,62854E+14			Niterói				(62) 7803-9827		ViniciusMartinsPereira@gustr.com																																																										
Ágatha F Gomes				Brasil	RJ	Niterói	28/10/2012	5,39068E+14			Niterói				(11) 6176-8756		AgathaFernandesGomes@dayrep.com																																																										
Tiago F Rodrigues				Brasil	RJ	Niterói	29/09/1979	6,99875E+14			Niterói				(38) 2377-6338		TiagoFerreiraRodrigues@dayrep.com																																																										
Tiago R Costa				Brasil	RJ	Niterói	19/06/1964	2,72189E+14			Niterói				(61) 5212-5502		TiagoRibeiroCosta@jourrapide.com																																																										
Melissa C Santos				Brasil	RJ	Niterói	04/01/1922	8,95882E+14			Niterói				(91) 9795-4949		MelissaCostaSantos@teleworm.us																																																										
Eduarda A Martins				Brasil	RJ	Belford Roxo	12/11/1997	4,47655E+14			Niterói				(71) 4850-3482		EduardaAlvesMartins@einrot.com																																																										
Isabella C Azevedo				Brasil	RJ	Niterói	08/08/2011	2,59837E+14			Niterói				(33) 6171-6633		IsabellaCarvalhoAzevedo@einrot.com																																																										
Eduarda A Sousa				Brasil	RJ	Niterói	14/01/1997	4,78134E+14			Niterói				(99) 4700-4048		EduardaAlvesSousa@dayrep.com																																																										
Carlos R Alves				Brasil	RJ	Niterói	13/11/1944	7,20704E+14			Niterói				(84) 7008-9576		CarlosRochaAlves@einrot.com																																																										
Evelyn C Rocha				Brasil	RJ	Niterói	03/08/1921	9,72786E+14			Niterói				(34) 6623-2903		EvelynCastroRocha@cuvox.de																																																										
Raissa O Martins				Brasil	RJ	Niterói	21/11/1963	5,30601E+14			Niterói				(62) 6617-4127		RaissaOliveiraMartins@dayrep.com																																																										
Evelyn P Ribeiro				Brasil	RJ	Niterói	06/12/1961	8,33113E+14			Niterói				(11) 8094-3760		EvelynPintoRibeiro@teleworm.us																																																										
Martim R Oliveira				Brasil	RJ	Duque de Caxias	26/08/2011	9,92052E+14			Niterói				(87) 6218-7022		MartimRibeiroOliveira@einrot.com																																																										
Luís R Barbosa				Brasil	RJ	Rio de Janeiro	09/02/1974	3,34656E+14			Niterói				(15) 6217-3676		LuisRibeiroBarbosa@teleworm.us																																																										
Martim S Cunha				Brasil	RJ	Maricá	29/09/1937	1,75482E+14			Niterói				(14) 9955-9249		MartimSantosCunha@rhyta.com																																																										
Daniel R Cunha				Brasil	PE	Petrolina	14/05/1977	2,77732E+14			Niterói				(19) 8876-9858		DanielRochaCunha@armyspy.com																																																										
Bruno S Araujo				Brasil	SE	Aracaju	28/08/1918	1,27766E+14			Niterói				(21) 4808-7628		BrunoSousaAraujo@dayrep.com																																																										
Davi D Cardoso				Brasil	RJ	Niterói	04/12/1945	9,23797E+14			Niterói				(61) 8881-3686		DaviDiasCardoso@rhyta.com																																																										
Gustavo A Carvalho				Brasil	RJ	Niterói	07/11/1991	7,12489E+14			Niterói				(31) 9990-9444		GustavoAlvesCarvalho@armyspy.com																																																										
Thaís B Cardoso				Brasil	RJ	Niterói	27/05/1950	6,03984E+14			Niterói				(16) 5124-6918		ThaisBarrosCardoso@fleckens.hu																																																										
Estevan C Santos				Brasil	RJ	Niterói	12/05/2005	8,92141E+14			Niterói				(51) 7505-5962		EstevanCavalcantiSantos@superrito.com																																																										
Nicolash F Silva				Brasil	RJ	Niterói	05/07/1959	6,84082E+14			Niterói				(21) 7526-2995		NicolashFerreiraSilva@cuvox.de																																																										
Leila M Correia				Brasil	RJ	Niterói	28/07/1955	2,17532E+14			Niterói				(19) 7323-6136		LeilaMartinsCorreia@cuvox.de																																																										
Tiago C Costa				Brasil	RS	Caxias do Sul	12/08/1992	4,09907E+14			Niterói				(86) 5414-4270		TiagoCastroCosta@teleworm.us																																																										
Júlia B Cunha				Brasil	RJ	Duque de Caxias	27/11/1979	6,90454E+14			Niterói				(63) 3439-6481		JuliaBarrosCunha@jourrapide.com																																																										
Carlos B Cardoso				Brasil	RJ	Petrópolis	12/08/1972	2,39121E+14			Niterói				(81) 2615-7830		CarlosBarrosCardoso@fleckens.hu																																																										
Kaua M Fernandes				Brasil	RJ	Maricá	01/06/2002	7,47782E+14			Niterói				(22) 2659-5257		KauaMeloFernandes@armyspy.com																																																										
Vitor M Costa				Brasil	RJ	Rio de Janeiro	09/12/1971	3,14327E+14			Niterói				(83) 9866-5417		VitorMeloCosta@armyspy.com																																																										
Thiago C Araujo				Brasil	RJ	Niterói	10/02/1925	7,82561E+14			Niterói				(11) 7677-9196		ThiagoCorreiaAraujo@rhyta.com																																																										
Rafaela D Almeida				Brasil	RJ	Niterói	16/11/1991	6,42176E+14			Niterói				(21) 6593-3472		RafaelaDiasAlmeida@gustr.com																																																										
Thaís C Correia				Brasil	RJ	Niterói	15/06/1992	8,80036E+14			Niterói				(61) 8240-6662		ThaisCunhaCorreia@rhyta.com																																																										
Guilherme C Sousa				Brasil	RJ	Niterói	31/08/1954	4,42627E+13			Niterói				(61) 9618-3120		GuilhermeCorreiaSousa@superrito.com																																																										
Fernanda M Carvalho				Brasil	RJ	Niterói	18/03/2001	5,52556E+14			Niterói				(43) 3266-4988		FernandaMartinsCarvalho@teleworm.us																																																										
Paulo D Santos				Brasil	RJ	Niterói	01/01/1942	6,32168E+14			Niterói				(11) 3786-2997		PauloDiasSantos@superrito.com																																																										
Vitoria C Ferreira				Brasil	RJ	Magé	17/06/1923	5,80836E+14			Niterói				(14) 4830-6284		VitoriaCardosoFerreira@gustr.com																																																										
Ana C Melo				Brasil	SP	São Paulo	21/11/1928	8,43061E+14			Niterói				(27) 3612-7544		AnaCorreiaMelo@dayrep.com																																																										
Mariana S Fernandes				Brasil	RJ	Niterói	19/12/2017	5,13697E+14			Niterói				(81) 2065-3818		MarianaSouzaFernandes@rhyta.com																																																										
Yasmin C Santos				Brasil	RJ	Niterói	19/11/1943	3,57754E+14			Niterói				(19) 3552-9329		YasminCastroSantos@einrot.com																																																										
Isabela F Ribeiro				Brasil	RJ	Niterói	13/06/2010	9,47208E+14			Niterói				(98) 7508-8997		IsabelaFernandesRibeiro@dayrep.com																																																										
Bianca P Barbosa				Brasil	RJ	Niterói	23/07/1925	9,37613E+14			Niterói				(33) 8094-6158		BiancaPintoBarbosa@fleckens.hu																																																										
Clara S Lima				Brasil	RJ	Niterói	02/07/1985	7,39469E+14			Niterói				(31) 6044-2911		ClaraSouzaLima@jourrapide.com																																																										
Douglas O Santos				Brasil	RJ	Niterói	30/05/1962	1,43915E+14			Niterói				(18) 6015-5052		DouglasOliveiraSantos@einrot.com																																																										
Kaua C Melo				Brasil	RJ	Niterói	24/04/1922	3,31287E+14			Niterói				(19) 5177-2591		KauaCorreiaMelo@einrot.com																																																										
José S Dias				Brasil	RJ	Niterói	01/03/1936	3,32623E+14			Niterói				(16) 4028-2846		JoseSouzaDias@jourrapide.com																																																										
Mateus G Souza				Brasil	RJ	Niterói	09/12/1923	7,10839E+14			Niterói				(11) 6902-9066		MateusGomesSouza@armyspy.com																																																										
Vitoria S Silva				Brasil	RJ	Niterói	01/09/1984	8,64027E+14			Niterói				(11) 6044-4385		VitoriaSouzaSilva@superrito.com																																																										
Fábio C Silva				Brasil	RJ	Niterói	31/10/1971	7,60755E+14			Niterói				(21) 4280-9746		FabioCavalcantiSilva@fleckens.hu																																																										
Enzo G Castro				Brasil	RJ	Niterói	06/05/1985	5,99903E+14			Niterói				(51) 5685-5689		EnzoGomesCastro@gustr.com																																																										
Beatriz S Barbosa				Brasil	RJ	Niterói	07/06/1923	1,4312E+14			Niterói				(55) 3025-7521		BeatrizSouzaBarbosa@einrot.com																																																										
Livia S Carvalho				Brasil	RJ	Niterói	27/08/1953	9,02892E+14			Niterói				(82) 2994-5452		LiviaSilvaCarvalho@cuvox.de																																																										
Rebeca S Rodrigues				Brasil	RJ	Niterói	06/11/1936	1,94406E+14			Niterói				(31) 7527-7128		RebecaSousaRodrigues@fleckens.hu																																																										
Nicole L Fernandes				Brasil	RJ	Niterói	10/06/1995	7,8096E+14			Niterói				(81) 9202-8503		NicoleLimaFernandes@rhyta.com																																																										
Matilde C Goncalves				Brasil	RJ	Niterói	10/07/1964	5,90041E+14			Niterói				(79) 9681-4374		MatildeCarvalhoGoncalves@rhyta.com																																																										
Aline A Azevedo				Brasil	RJ	Niterói	21/01/1926	7,57754E+14			Niterói				(35) 4458-7966		AlineAraujoAzevedo@einrot.com																																																										
Clara L Sousa				Brasil	RJ	Niterói	21/04/1984	7,82797E+14			Niterói				(65) 3619-3705		ClaraLimaSousa@teleworm.us																																																										
Manuela P Cunha				Brasil	RJ	Niterói	29/11/1953	5,12298E+14			Niterói				(22) 8650-8540		ManuelaPintoCunha@rhyta.com																																																										
Tomás D Pereira				Brasil	RJ	Niterói	12/08/1982	3,56526E+14			Niterói				(41) 2146-6411		TomasDiasPereira@dayrep.com																																																										
Nicolas S Dias				Brasil	RJ	Niterói	13/04/1981	8,62051E+13			Niterói				(85) 7303-3594		NicolasSouzaDias@rhyta.com																																																										
Matheus R Cardoso				Brasil	RJ	Niterói	22/01/1968	7,66429E+14			Niterói				(31) 8673-2019		MatheusRochaCardoso@cuvox.de																																																										
Gabrielle S Rocha				Brasil	RJ	Niterói	24/04/1960	8,58478E+14			Niterói				(19) 8317-6519		GabrielleSouzaRocha@gustr.com																																																										
Rodrigo C Ribeiro				Brasil	RJ	Niterói	27/11/1966	7,1835E+14			Niterói				(81) 5777-5315		RodrigoCardosoRibeiro@armyspy.com																																																										
José S Oliveira				Brasil	RJ	Niterói	05/04/1966	6,29842E+14			Niterói				(31) 4697-7723		JoseSantosOliveira@gustr.com																																																										
Matilde G Rodrigues				Brasil	RJ	Niterói	29/02/1940	7,95804E+14			Niterói				(61) 5200-9229		MatildeGomesRodrigues@einrot.com																																																										
Guilherme C Goncalves				Brasil	RJ	Niterói	10/10/1950	8,58843E+14			Niterói				(31) 8811-4469		GuilhermeCorreiaGoncalves@teleworm.us																																																										
Guilherme D Melo				Brasil	RJ	Niterói	24/10/1957	6,18199E+14			Niterói				(11) 8727-5572		GuilhermeDiasMelo@teleworm.us																																																										
Alice C Azevedo				Brasil	RJ	Niterói	23/09/1937	2,98184E+14			Niterói				(11) 4277-3855		AliceCavalcantiAzevedo@armyspy.com																																																										
Giovana G Correia				Brasil	RJ	Niterói	06/12/1989	6,56577E+14			Niterói				(62) 6434-8346		GiovanaGoncalvesCorreia@einrot.com																																																										
Sarah A Rocha				Brasil	RJ	Niterói	15/08/1972	7,97616E+14			Niterói				(81) 3401-9827		SarahAlvesRocha@superrito.com																																																										
Vitória A Dias				Brasil	RJ	Niterói	30/06/2001	9,79536E+14			Niterói				(67) 3912-2296		VitoriaAlvesDias@jourrapide.com																																																										
Gabriela F Rodrigues				Brasil	RJ	Niterói	06/12/2002	8,94565E+14			Niterói				(81) 9910-8362		GabrielaFerreiraRodrigues@dayrep.com																																																										
Maria M Fernandes				Brasil	RJ	Niterói	22/02/1998	5,05469E+14			Niterói				(11) 3255-2196		MariaMeloFernandes@gustr.com																																																										
Gabriel M Cavalcanti				Brasil	RJ	Niterói	01/02/1995	2,28784E+14			Niterói				(35) 4556-6173		GabrielMeloCavalcanti@dayrep.com																																																										
Julian C Alves				Brasil	RJ	Niterói	25/05/2000	9,40586E+14			Niterói				(15) 9397-7157		JulianCardosoAlves@einrot.com																																																										
Antônio R Carvalho				Brasil	RJ	Niterói	22/06/1999	7,15583E+14			Niterói				(11) 5090-5164		AntonioRochaCarvalho@superrito.com																																																										
Tiago C Dias				Brasil	RJ	Niterói	05/02/1968	8,84844E+14			Niterói				(11) 9003-9567		TiagoCarvalhoDias@armyspy.com																																																										
Enzo M Cardoso				Brasil	RJ	Niterói	20/04/2016	2,63711E+14			Niterói				(47) 6279-3302		EnzoMeloCardoso@dayrep.com																																																										
Alice C Cardoso				Brasil	RJ	Niterói	02/02/1956	6,97081E+14			Niterói				(21) 6276-9504		AliceCarvalhoCardoso@dayrep.com																																																										
Leila R Alves				Brasil	RJ	Niterói	30/05/1931	2,66549E+14			Niterói				(63) 6426-2166		LeilaRibeiroAlves@jourrapide.com																																																										
Douglas S Sousa				Brasil	RJ	Niterói	13/04/1957	9,42751E+14			Niterói				(12) 9240-8984		DouglasSouzaSousa@einrot.com																																																										
Gabriela S Souza				Brasil	RJ	Niterói	27/03/1958	1,89844E+14			Niterói				(11) 7179-2147		GabrielaSilvaSouza@gustr.com																																																										
Isabella C Rocha				Brasil	RJ	Niterói	24/06/2014	1,23398E+14			Niterói				(81) 4226-7408		IsabellaCavalcantiRocha@einrot.com																																																										
Mariana A Souza				Brasil	RJ	Niterói	20/07/1935	8,28812E+14			Niterói				(47) 3309-2308		MarianaAraujoSouza@teleworm.us																																																										
Sofia S Araujo				Brasil	RJ	Niterói	05/08/1965	4,93892E+13			Niterói				(11) 4798-8935		SofiaSousaAraujo@jourrapide.com																																																										
André B Castro				Brasil	RJ	Niterói	04/05/1932	2,42033E+14			Niterói				(16) 9523-6972		AndreBarbosaCastro@jourrapide.com																																																										
Júlia R Souza				Brasil	SP	Santos	25/06/1953	9,62801E+14			Niterói				(11) 9012-3073		JuliaRochaSouza@gustr.com																																																										
Lucas C Silva				Brasil	SP	São Bernarardo dos Campos	15/07/1980	4,73687E+14			Niterói				(51) 8062-4483		LucasCarvalhoSilva@cuvox.de																																																										
Rebeca S Barbosa				Brasil	RJ	Niterói	20/11/1986	2,99471E+14			Niterói				(81) 7472-7816		RebecaSilvaBarbosa@fleckens.hu																																																										
Martim R Cardoso				Brasil	RJ	Niterói	04/09/1972	7,19088E+14			Niterói				(12) 2939-3801		MartimRochaCardoso@fleckens.hu																																																										
Letícia R Oliveira				Brasil	RJ	Niterói	03/06/1947	6,67615E+14			Niterói				(62) 3364-3868		LeticiaRochaOliveira@cuvox.de																																																										
Manuela C Alves				Brasil	RJ	Niterói	03/10/1997	6,1252E+14			Niterói				(34) 2844-2888		ManuelaCavalcantiAlves@fleckens.hu																																																										
Júlio F Castro				Brasil	RJ	Niterói	15/11/1965	9,78639E+14			Niterói				(64) 8541-9575		JulioFerreiraCastro@superrito.com																																																										
Julian S Barbosa				Brasil	RJ	Niterói	04/01/1978	5,35798E+14			Niterói				(12) 2626-8008		JulianSilvaBarbosa@armyspy.com																																																										
Isabelle P Cardoso				Brasil	RJ	Niterói	03/06/1926	7,62526E+14			Niterói				(11) 7451-7026		IsabellePereiraCardoso@einrot.com																																																										
Letícia R Dias				Brasil	RJ	Cabo Frio	27/12/2017	4,67937E+14			Niterói				(38) 4991-5829		LeticiaRodriguesDias@rhyta.com																																																										
Guilherme F Oliveira				Brasil	RJ	Cabo Frio	04/09/1978	3,38581E+14			Niterói				(14) 8535-5097		GuilhermeFerreiraOliveira@superrito.com																																																										
Isabelle M Cardoso				Brasil	RJ	Araruama	20/08/1951	1,98993E+14			Niterói				(31) 7604-4990		IsabelleMartinsCardoso@superrito.com																																																										
Beatriz M Barbosa				Brasil	RJ	Iguába Grande	10/08/2002	3,24282E+14			Niterói				(51) 2212-8137		BeatrizMartinsBarbosa@dayrep.com																																																										
Alex C Fernandes				Brasil	RJ	São Pedro da Aldeia	21/06/2016	2,84174E+14			Niterói				(24) 3644-2735		AlexCastroFernandes@jourrapide.com																																																										
Larissa R Ribeiro				Brasil	RJ	Petrópolis	18/07/1992	3,26754E+14			Niterói				(51) 5470-6080		LarissaRochaRibeiro@gustr.com																																																										
Cauã G Almeida				Brasil	ES	Iriri	06/12/1970	2,15381E+13			Niterói				(91) 4588-8812		CauaGoncalvesAlmeida@gustr.com																																																										
Fernanda S Ferreira				Brasil	MG	Cataguazes	22/06/2006	8,03489E+14			Niterói				(61) 4640-8495		FernandaSantosFerreira@superrito.com																																																										
Julian C Gomes				Brasil	BA	Feira de Santana	12/09/1975	3,08462E+14			Niterói				(82) 4569-5621		JulianCavalcantiGomes@rhyta.com																																																										
Vitor R Martins				Brasil	CE	Joazeiro do Norte	06/09/1919	5,31981E+14			Niterói				(86) 9902-4634		VitorRodriguesMartins@jourrapide.com																																																										
Mateus S Rocha				Brasil	RJ	Niterói	10/02/1974	8,74712E+14			Niterói				(62) 8619-3174		MateusSantosRocha@rhyta.com																																																										
Lavinia C Silva				Brasil	RJ	Niterói	18/12/1930	3,25515E+14			Niterói				(84) 8297-8218		LaviniaCostaSilva@einrot.com																																																										
Matilde G Santos				Brasil	RJ	Niterói	02/08/1970	2,46619E+14			Niterói				(47) 7382-8695		MatildeGoncalvesSantos@dayrep.com																																																										
Miguel C Dias				Brasil	RJ	Niterói	15/02/1928	6,63125E+14			Niterói				(31) 5205-2454		MiguelCarvalhoDias@fleckens.hu																																																										
Bruna M Barbosa				Brasil	RJ	Niterói	27/07/1939	3,47919E+14			Niterói				(43) 9904-9912		BrunaMartinsBarbosa@teleworm.us																																																										
Joao R Castro				Brasil	RJ	Niterói	06/05/1959	6,57979E+14			Niterói				(53) 8809-9323		JoaoRibeiroCastro@superrito.com																																																										
Davi D Almeida				Brasil	PR	Curitiba	16/01/1963	7,98599E+14			Niterói				(12) 3067-6147		DaviDiasAlmeida@einrot.com																																																										
Davi O Ribeiro				Brasil	PR	Piraquera	13/01/2006	2,10009E+14			Niterói				(81) 9647-4427		DaviOliveiraRibeiro@fleckens.hu																																																										
Renan R Sousa				Brasil	ES	Vila Velha	28/07/1936	2,40099E+14			Niterói				(41) 4586-8175		RenanRibeiroSousa@cuvox.de																																																										
Tomás M Correia				Brasil	PA	Belém do Pará	24/10/1952	1,20129E+13			Niterói				(81) 7334-4121		TomasMartinsCorreia@fleckens.hu																																																										
Mariana M Melo				Brasil	ES	Guarapari	14/02/1930	6,00611E+14			Niterói				(41) 7511-9533		MarianaMartinsMelo@cuvox.de																																																										
Tiago S Dias				Brasil	SP	Guaratinguetá	25/07/1919	9,7918E+14			Niterói				(31) 6444-8811		TiagoSilvaDias@gustr.com																																																										
Gabriela G Alves				Brasil	SP	São Paulo	12/12/1993	8,09871E+14			Niterói				(11) 3510-8666		GabrielaGomesAlves@einrot.com																																																										
Fernanda S Cunha				Brasil	SC	Chapecó	03/05/2018	2,49157E+14			Niterói				(19) 7599-7778		FernandaSantosCunha@teleworm.us																																																										
Kauan B Cunha				Brasil	RJ	Rio de Janeiro	12/03/1997	4,29408E+14			Niterói				(81) 2207-6209		KauanBarrosCunha@fleckens.hu																																																										
Enzo C Ferreira				Brasil	RJ	São Gonçalo	24/10/1949	5,97512E+14			Niterói				(11) 8188-9319		EnzoCarvalhoFerreira@jourrapide.com																																																										
Nicole F Alves				Brasil	RJ	Niterói	02/12/2004	1,91033E+14			Niterói				(16) 5527-5826		NicoleFerreiraAlves@armyspy.com																																																										
Carolina M Rodrigues				Brasil	RJ	Niterói	05/12/2010	9,51603E+14			Niterói				(38) 7557-6376		CarolinaMartinsRodrigues@teleworm.us																																																										
Martim C Pinto				Brasil	RJ	Niterói	30/11/1966	6,60873E+14			Niterói				(11) 6465-4639		MartimCostaPinto@jourrapide.com																																																										
Julia C Almeida				Brasil	RJ	Niterói	28/02/1980	2,94466E+14			Niterói				(11) 9120-7283		JuliaCorreiaAlmeida@einrot.com																																																										
Guilherme O Almeida				Brasil	RJ	Niterói	06/03/1989	1,30003E+13			Niterói				(91) 7437-3983		GuilhermeOliveiraAlmeida@einrot.com																																																										
Julian F Castro				Brasil	RJ	Niterói	12/05/1987	5,80037E+14			Niterói				(11) 8863-5721		JulianFerreiraCastro@dayrep.com																																																										
Miguel R Silva				Brasil	RJ	São Gonçalo	07/02/1994	3,45647E+14			Niterói				(65) 3252-9761		MiguelRochaSilva@dayrep.com																																																										
Guilherme R Souza				Brasil	RJ	Rio Bonito	12/08/1955	2,59253E+14			Niterói				(14) 7796-3486		GuilhermeRodriguesSouza@dayrep.com																																																										
Ana R Goncalves				Brasil	RJ	Itaboraí	07/12/1925	3,66932E+14			Niterói				(11) 7253-5004		AnaRodriguesGoncalves@einrot.com																																																										
Kauã S Pinto				Brasil	RJ	São Gonçalo	16/11/1922	8,79705E+14			Niterói				(81) 3354-5293		KauaSilvaPinto@cuvox.de																																																										
Evelyn R Castro				Brasil	RJ	Niterói	30/03/1934	4,32126E+14			Niterói				(92) 7927-8568		EvelynRodriguesCastro@armyspy.com																																																										
Rafaela B Correia				Brasil	RJ	Niterói	25/03/2002	7,30536E+13			Niterói				(83) 5188-2887		RafaelaBarbosaCorreia@cuvox.de																																																										
Estevan S Almeida				Brasil	RJ	Niterói	04/04/1954	2,76599E+14			Niterói				(11) 8581-4613		EstevanSouzaAlmeida@cuvox.de																																																										
Luis L Rodrigues				Brasil	RJ	Niterói	25/07/1975	4,96792E+14			Niterói				(24) 8437-4184		LuisLimaRodrigues@armyspy.com																																																										
Julieta C Araujo				Brasil	RJ	Niterói	15/04/1949	1,69819E+14			Niterói				(87) 4824-9759		JulietaCastroAraujo@rhyta.com																																																										
Julian C Silva				Brasil	RJ	Niterói	31/05/1982	2,52932E+14			Niterói				(43) 5269-6103		JulianCostaSilva@teleworm.us																																																										
Aline P Correia				Brasil	RJ	Niterói	31/07/1944	1,9709E+14			Niterói				(41) 5844-6665		AlinePereiraCorreia@dayrep.com																																																										
Brenda R Lima				Brasil	RJ	Niterói	05/01/1921	6,79872E+14			Niterói				(19) 2537-2714		BrendaRibeiroLima@teleworm.us																																																										
Bruno B Pereira				Brasil	RJ	Niterói	30/06/1919	8,84693E+14			Niterói				(13) 7019-8756		BrunoBarbosaPereira@teleworm.us																																																										
Brenda F Pinto				Brasil	RJ	Niterói	19/04/1923	6,7266E+14			Niterói				(61) 4117-6920		BrendaFerreiraPinto@jourrapide.com																																																										
Brenda S Correia				Brasil	RJ	Niterói	13/05/1992	9,32392E+14			Niterói				(21) 7377-8454		BrendaSouzaCorreia@fleckens.hu																																																										
Matheus F Sousa				Brasil	RJ	Duque de Caxias	23/08/2003	8,16182E+14			Niterói				(69) 6573-7639		MatheusFernandesSousa@fleckens.hu																																																										
Pedro O Santos				Brasil	SP	Taboão da Serra	24/12/1938	9,84124E+14			Niterói				(11) 7520-9718		PedroOliveiraSantos@fleckens.hu																																																										
Diego D Sousa				Brasil	RJ	Niterói	30/04/1970	1,57865E+14			Niterói				(81) 3014-4079		DiegoDiasSousa@jourrapide.com																																																										
Paulo A Barros				Brasil	RJ	Niterói	26/07/1943	9,06429E+14			Niterói				(18) 3118-3685		PauloAlmeidaBarros@jourrapide.com																																																										
Evelyn C Melo				Brasil	RJ	Niterói	16/09/2007	5,4333E+14			Niterói				(77) 5735-3803		EvelynCostaMelo@cuvox.de																																																										
Luan A Ferreira				Brasil	RJ	Niterói	23/12/1966	8,05548E+14			Niterói				(35) 7304-7097		LuanAraujoFerreira@cuvox.de																																																										
Bruna S Sousa				Brasil	RJ	Niterói	23/04/1936	5,13844E+13			Niterói				(48) 9190-5077		BrunaSilvaSousa@teleworm.us																																																										
Leonardo C Rocha				Brasil	RJ	Niterói	21/07/1976	8,91456E+14			Niterói				(11) 9181-5353		LeonardoCardosoRocha@dayrep.com																																																										
Melissa R Silva				Brasil	RJ	Matão	27/05/1920	9,54194E+14			Niterói				(13) 9192-3479		MelissaRibeiroSilva@fleckens.hu																																																										
Ana B Cardoso				Brasil	RJ	Niterói	19/05/1935	6,61806E+14			Niterói				(81) 3622-8846		AnaBarrosCardoso@jourrapide.com																																																										
Murilo O Lima				Brasil	RJ	Niterói	25/06/1952	3,29748E+14			Niterói				(51) 4731-4835		MuriloOliveiraLima@cuvox.de																																																										
Giovanna L Costa				Brasil	RJ	Niterói	08/04/2013	3,47428E+14			Niterói				(14) 4107-7450		GiovannaLimaCosta@gustr.com																																																										
Mateus O Melo				Brasil	RJ	Niterói	28/03/1989	1,88053E+14			Niterói				(21) 2606-7404		MateusOliveiraMelo@dayrep.com																																																										
Danilo C Pinto				Brasil	RJ	Niterói	18/05/2009	4,30283E+14			Niterói				(11) 4561-7038		DaniloCavalcantiPinto@gustr.com																																																										
Luiza S Carvalho				Brasil	RJ	Niterói	18/08/1939	9,8478E+14			Niterói				(12) 3087-9849		LuizaSouzaCarvalho@dayrep.com																																																										
Giovanna B Azevedo				Brasil	MG	Uberaba	05/07/1932	7,58877E+14			Niterói				(71) 8119-9702		GiovannaBarrosAzevedo@teleworm.us																																																										
Tiago A Pereira				Brasil	MG	Varginha	24/02/1920	9,4043E+14			Niterói				(31) 8867-9268		TiagoAraujoPereira@dayrep.com																																																										
Nicolas C Santos				Brasil	ES	Vila Velha	14/08/1921	4,59237E+14			Niterói				(16) 4165-5381		NicolasCastroSantos@rhyta.com																																																										
Livia S Goncalves				Brasil	RJ	São Pedro da Aldeia	09/08/1988	6,04758E+14			Niterói				(11) 8377-2089		LiviaSousaGoncalves@dayrep.com																																																										
Douglas C Sousa				Brasil	RJ	Araruama	12/10/2002	1,60085E+14			Niterói				(11) 2020-5142		DouglasCostaSousa@cuvox.de																																																										
Bianca L Azevedo				Brasil	RJ	Araruama	26/03/1952	6,54473E+14			Niterói				(69) 4441-5983		BiancaLimaAzevedo@einrot.com																																																										
Laura F Barbosa				Brasil	RJ	Niterói	27/11/2003	6,2736E+14			Niterói				(81) 7404-6878		LauraFernandesBarbosa@superrito.com																																																										
Danilo F Sousa				Brasil	DF	Taguatinga	15/02/2009	5,12959E+14			Niterói				(11) 3221-5958		DaniloFernandesSousa@einrot.com																																																										
Carla C Cavalcanti				Brasil	RJ	Niterói	04/05/2008	1,07934E+14			Niterói				(21) 9875-2169		CarlaCastroCavalcanti@dayrep.com																																																										
Letícia G Pereira				Brasil	RJ	Niterói	04/03/1963	4,91787E+14			Niterói				(11) 8047-3821		LeticiaGomesPereira@armyspy.com																																																										
Clara C Melo				Brasil	RJ	Niterói	22/09/1946	8,71576E+14			Niterói				(81) 3465-3807		ClaraCorreiaMelo@gustr.com																																																										
Larissa F Cardoso				Brasil	RJ	Niterói	20/11/1918	9,81678E+13			Niterói				(11) 5256-3443		LarissaFerreiraCardoso@jourrapide.com																																																										
Cauã A Correia				Brasil	RJ	Niterói	12/07/1984	4,85632E+14			Niterói				(19) 5040-4316		CauaAlvesCorreia@einrot.com																																																										
Miguel B Correia				Brasil	RJ	Niterói	14/09/1951	4,01328E+14			Niterói				(11) 6526-9368		MiguelBarrosCorreia@dayrep.com																																																										
Eduarda S Rodrigues				Brasil	RJ	Campos de Goytacazes	19/08/1920	7,66321E+14			Niterói				(33) 6315-9952		EduardaSantosRodrigues@superrito.com																																																										
Raissa G Cavalcanti				Brasil	RJ	Macaé	24/01/2013	3,22554E+14			Niterói				(81) 7316-9993		RaissaGoncalvesCavalcanti@gustr.com																																																										
Kaua A Gomes				Brasil	RJ	Campos de Goytacazes	30/08/1967	2,30863E+14			Niterói				(18) 2441-8034		KauaAzevedoGomes@jourrapide.com																																																										
Antônio O Barbosa				Brasil	RJ	Rio de Janeiro	09/09/1984	7,49995E+14			Niterói				(21) 5449-9294		AntonioOliveiraBarbosa@rhyta.com																																																										
Yasmin C Lima				Brasil	RJ	Teresópolis	12/11/1972	6,36724E+14			Niterói				(91) 4798-4562		YasminCarvalhoLima@jourrapide.com																																																										
Kauê A Araujo				Brasil	RJ	Rio de Janeiro	14/10/2009	3,6027E+14			Niterói				(11) 4419-6472		KaueAlvesAraujo@einrot.com																																																										
Arthur G Santos				Brasil	RJ	São Gonçalo	27/08/2010	9,13685E+14			Niterói				(71) 6266-9694		ArthurGoncalvesSantos@cuvox.de																																																										
Carolina C Pereira				Brasil	RJ	Teresópolis	27/10/1953	7,47765E+14			Niterói				(84) 5858-8254		CarolinaCarvalhoPereira@dayrep.com																																																										
Carla F Souza				Brasil	SP	São Paulo	01/01/1968	8,21181E+14			Niterói				(62) 9315-3702		CarlaFerreiraSouza@superrito.com																																																										
Kauan C Martins				Brasil	RJ	Petrópolis	11/09/1990	7,47525E+14			Niterói				(61) 2435-8895		KauanCunhaMartins@rhyta.com																																																										
Alice A Rocha				Brasil	RJ	Niterói	03/09/1975	2,48467E+14			Niterói				(77) 7170-2564		AliceAlmeidaRocha@einrot.com																																																										
Luiz C Alves				Brasil	RJ	Niterói	11/08/2002	9,23676E+14			Niterói				(54) 6295-7175		LuizCardosoAlves@fleckens.hu																																																										
Thaís C Cunha				Brasil	RJ	Niterói	12/06/1922	3,54291E+14			Niterói				(48) 6603-8724		ThaisCavalcantiCunha@jourrapide.com																																																										
Enzo G Silva				Brasil	RJ	Niterói	10/02/2014	6,29097E+14			Niterói				(21) 9684-4804		EnzoGomesSilva@gustr.com																																																										
Joao C Souza				Brasil	RJ	Niterói	11/10/1952	5,22042E+14			Niterói				(21) 7585-7009		JoaoCastroSouza@einrot.com																																																										
Ágatha B Barros				Brasil	RJ	Niterói	26/04/2007	4,59368E+14			Niterói				(82) 6959-2124		AgathaBarbosaBarros@gustr.com																																																										
Pedro R Oliveira				Brasil	RJ	Itaboraí	01/10/1933	4,72777E+14			Niterói				(37) 8385-4733		PedroRibeiroOliveira@jourrapide.com																																																										
Rafael S Goncalves				Brasil	RJ	Rio Bonito	14/04/1930	4,59719E+13			Niterói				(19) 7779-7085		RafaelSantosGoncalves@dayrep.com																																																										
Luiz C Lima				Brasil	RJ	Três Rios	29/11/1975	3,9307E+13			Niterói				(11) 2724-4637		LuizCavalcantiLima@superrito.com																																																										
Pedro M Souza				Brasil	RJ	Magé	29/12/1955	3,21929E+14			Niterói				(19) 4095-6604		PedroMartinsSouza@rhyta.com																																																										
Fernanda D Araujo				Brasil	RJ	Paraiba do Sul	05/08/1932	9,99921E+14			Niterói				(51) 9331-3395		FernandaDiasAraujo@rhyta.com																																																										
Bruno A Martins				Brasil	RJ	Comendador Levy Gasparian	13/02/1939	6,1671E+14			Niterói				(91) 5689-6156		BrunoAraujoMartins@teleworm.us																																																										
Erick C Cardoso				Brasil	RJ	Itaboraí	02/08/1930	9,66959E+14			Niterói				(54) 7832-4955		ErickCavalcantiCardoso@armyspy.com																																																										
Rodrigo A Sousa				Brasil	RJ	Niterói	10/05/1951	8,83554E+14			Niterói				(48) 6740-8971		RodrigoAlvesSousa@cuvox.de																																																										
Erick R Santos				Brasil	RJ	Niterói	26/01/1947	9,87837E+13			Niterói				(86) 4817-7542		ErickRodriguesSantos@armyspy.com																																																										
Miguel C Correia				Brasil	RJ	Niterói	18/10/1962	3,37793E+14			Niterói				(43) 9909-2337		MiguelCostaCorreia@armyspy.com																																																										
Isabelle R Silva				Brasil	RJ	Niterói	29/08/1957	6,23492E+14			Niterói				(67) 6478-7878		IsabelleRibeiroSilva@rhyta.com																																																										
Leonardo C Barbosa				Brasil	RJ	Niterói	01/08/1985	8,88573E+13			Niterói				(31) 8080-5214		LeonardoCunhaBarbosa@dayrep.com																																																										
Cauã M Cunha				Brasil	RJ	Niterói	04/11/1965	7,52192E+14			Niterói				(65) 3139-5258		CauaMeloCunha@teleworm.us																																																										
Leonardo F Alves				Brasil	RJ	Niterói	27/06/1998	8,12607E+14			Niterói				(81) 8012-6227		LeonardoFernandesAlves@fleckens.hu																																																										
José R Martins				Brasil	RJ	Niterói	26/06/1965	6,23833E+14			Niterói				(88) 9179-9386		JoseRibeiroMartins@gustr.com																																																										
Bruno A Barbosa				Brasil	RJ	Niterói	29/06/1953	3,94564E+14			Niterói				(11) 3036-8728		BrunoAlvesBarbosa@teleworm.us																																																										
Tiago S Santos				Brasil	RJ	Niterói	28/02/2006	6,05989E+14			Niterói				(19) 4548-2681		TiagoSouzaSantos@cuvox.de																																																										
Bruno S Ribeiro				Brasil	RJ	Niterói	23/11/1980	7,05263E+14			Niterói				(81) 6294-5370		BrunoSantosRibeiro@armyspy.com																																																										
Sophia A Pereira				Brasil	RJ	Niterói	21/04/1940	6,15204E+14			Niterói				(92) 9681-6304		SophiaAlmeidaPereira@teleworm.us																																																										
Danilo C Ferreira				Brasil	RJ	São Gonçalo	08/08/1935	7,90327E+14			Niterói				(82) 6995-9205		DaniloCavalcantiFerreira@einrot.com																																																										
Carla S Barros				Brasil	RJ	Niterói	27/11/2004	6,49161E+14			Niterói				(73) 4560-9869		CarlaSouzaBarros@einrot.com																																																										
Yasmin P Correia				Brasil	RJ	Niterói	15/08/2016	3,42484E+14			Niterói				(51) 5569-3612		YasminPintoCorreia@einrot.com																																																										
Alice C Dias				Brasil	RJ	Niterói	15/08/1956	9,00926E+14			Niterói				(21) 3210-8405		AliceCunhaDias@einrot.com																																																										
Sophia F Dias				Brasil	RJ	Niterói	21/03/1939	7,63011E+14			Niterói				(16) 3626-6306		SophiaFerreiraDias@jourrapide.com																																																										
Matheus B Barros				Brasil	RJ	Niterói	08/01/1981	3,91393E+14			Niterói				(81) 6875-4531		MatheusBarbosaBarros@jourrapide.com																																																										
Yasmin M Goncalves				Brasil	RJ	Niterói	23/07/1942	3,69661E+14			Niterói				(19) 9735-6964		YasminMartinsGoncalves@cuvox.de																																																										
Letícia O Almeida				Brasil	RJ	Iguába Grande	25/07/1919	1,02343E+14			Niterói				(34) 6452-5149		LeticiaOliveiraAlmeida@rhyta.com																																																										
Kai S Azevedo				Brasil	MG	Três Corações	02/11/1946	2,90266E+14			Niterói				(31) 3476-4745		KaiSilvaAzevedo@superrito.com																																																										
Luan M Rocha				Brasil	MG	Varginha	21/07/1951	2,97523E+14			Niterói				(86) 7051-5723		LuanMeloRocha@einrot.com																																																										
Manuela R Carvalho				Brasil	MG	Caxambu	26/02/1929	7,00736E+14			Niterói				(83) 9731-2746		ManuelaRibeiroCarvalho@armyspy.com																																																										
Matilde P Castro				Brasil	RJ	Niterói	24/05/1925	8,64618E+14			Niterói				(62) 3703-5198		MatildePintoCastro@teleworm.us																																																										
Breno F Cardoso				Brasil	RJ	Niterói	11/05/2003	2,82267E+14			Niterói				(11) 8424-9267		BrenoFernandesCardoso@teleworm.us																																																										
Julian C Sousa				Brasil	RJ	Niterói	06/07/1998	3,4882E+14			Niterói				(31) 7850-2342		JulianCorreiaSousa@gustr.com																																																										
Gabriela C Castro				Brasil	RJ	Niterói	22/11/1986	9,86214E+14			Niterói				(19) 6723-3411		GabrielaCarvalhoCastro@jourrapide.com																																																										
Isabella F Cardoso				Brasil	RJ	Niterói	23/08/1975	1,19992E+14			Niterói				(21) 3086-5105		IsabellaFernandesCardoso@einrot.com																																																										
Kaua C Azevedo				Brasil	RJ	Niterói	10/02/1953	1,32763E+14			Niterói				(11) 5301-2774		KauaCostaAzevedo@fleckens.hu																																																										
Kauê C Barros				Brasil	RJ	Niterói	22/10/2002	7,94794E+14			Niterói				(24) 7553-5577		KaueCunhaBarros@armyspy.com																																																										
Murilo C Souza				Brasil	RJ	Niterói	15/08/1953	2,32906E+13			Niterói				(86) 8993-6518		MuriloCardosoSouza@teleworm.us																																																										
Manuela A Sousa				Brasil	RJ	Niterói	08/07/1969	8,6034E+14			Niterói				(61) 5328-5117		ManuelaAraujoSousa@jourrapide.com																																																										
Gustavo C Ribeiro				Brasil	RJ	Niterói	27/06/1932	9,83184E+13			Niterói				(65) 9787-2062		GustavoCunhaRibeiro@jourrapide.com																																																										
Luiz S Barros				Brasil	RJ	Niterói	12/04/1949	2,40274E+14			Niterói				(31) 4071-4632		LuizSantosBarros@rhyta.com																																																										
Luiz C Souza				Brasil	RJ	Niterói	20/09/2006	3,06148E+14			Niterói				(11) 9329-2093		LuizCostaSouza@teleworm.us																																																										
Maria O Fernandes				Brasil	RJ	Niterói	01/11/1969	8,16834E+14			Niterói				(19) 4336-9827		MariaOliveiraFernandes@rhyta.com																																																										
Aline A Pinto				Brasil	RJ	Niterói	21/01/1952	6,60384E+14			Niterói				(19) 2452-6429		AlineAraujoPinto@fleckens.hu																																																										
Vinícius M Souza				Brasil	RJ	Niterói	02/06/2005	7,10405E+14			Niterói				(65) 9019-2029		ViniciusMeloSouza@jourrapide.com																																																										
Marcos C Carvalho				Brasil	RJ	Niterói	20/06/1938	7,18846E+14			Niterói				(11) 3411-7159		MarcosCavalcantiCarvalho@dayrep.com																																																										
Emily G Barbosa				Brasil	RJ	Niterói	11/11/2000	5,80521E+14			Niterói				(27) 4559-4829		EmilyGoncalvesBarbosa@rhyta.com																																																										
Ana S Alves				Brasil	RJ	Niterói	19/07/2006	9,66741E+14			Niterói				(21) 4659-5103		AnaSilvaAlves@dayrep.com																																																										
Rafael B Cavalcanti				Brasil	RJ	Niterói	30/05/1935	5,43596E+14			Niterói				(61) 7422-9171		RafaelBarbosaCavalcanti@cuvox.de																																																										
Miguel P Carvalho				Brasil	RJ	Niterói	10/10/1932	8,93578E+14			Niterói				(75) 6887-9216		MiguelPereiraCarvalho@rhyta.com																																																										
Anna P Goncalves				Brasil	RJ	Niterói	26/03/1970	2,515E+14			Niterói				(17) 2473-4524		AnnaPintoGoncalves@jourrapide.com																																																										
Isabela R Carvalho				Brasil	RJ	Niterói	13/10/1957	5,3289E+14			Niterói				(11) 5692-8964		IsabelaRochaCarvalho@superrito.com																																																										
Igor R Cardoso				Brasil	RJ	Niterói	17/05/2006	6,81743E+14			Niterói				(79) 9465-6229		IgorRochaCardoso@gustr.com																																																										
Ágatha B Castro				Brasil	RJ	Niterói	03/01/1992	5,88777E+14			Niterói				(27) 3775-7272		AgathaBarrosCastro@rhyta.com																																																										
Caio L Silva				Brasil	RJ	Paty do Alferes	25/11/1957	2,24309E+14			Niterói				(53) 7022-5825		CaioLimaSilva@cuvox.de																																																										
Ryan C Ferreira				Brasil	MG	Simão Pereira	27/03/2004	2,70049E+14			Niterói				(21) 7134-3658		RyanCostaFerreira@rhyta.com																																																										
Fernanda F Barros				Brasil	RJ	Nova Friburgo	07/09/1996	3,97828E+14			Niterói				(11) 4688-7389		FernandaFernandesBarros@einrot.com																																																										
Beatrice L Melo				Brasil	RJ	Cachoeiro de Macacu	05/09/2007	2,34348E+14			Niterói				(31) 7445-4375		BeatriceLimaMelo@rhyta.com																																																										
Carla M Souza				Brasil	RJ	Niterói	04/09/1975	7,09492E+14			Niterói				(11) 7386-8660		CarlaMartinsSouza@teleworm.us																																																										
Nicolash C Ribeiro				Brasil	RJ	Niterói	31/12/2007	1,00534E+14			Niterói				(14) 9867-4495		NicolashCostaRibeiro@jourrapide.com																																																										
Gabriela P Gomes				Brasil	RJ	Niterói	25/05/1924	8,03753E+14			Niterói				(12) 7832-6364		GabrielaPintoGomes@armyspy.com																																																										
Joao M Sousa				Brasil	RJ	Niterói	01/07/1920	4,03568E+14			Niterói				(12) 6326-6080		JoaoMeloSousa@armyspy.com																																																										
Laura C Barros				Brasil	RJ	Niterói	26/07/1944	4,26891E+14			Niterói				(16) 2710-4872		LauraCarvalhoBarros@superrito.com																																																										
Pedro S Correia				Brasil	RJ	Niterói	10/04/2007	3,44803E+13			Niterói				(61) 3457-2601		PedroSilvaCorreia@einrot.com																																																										
Leonardo G Rocha				Brasil	SP	Santos	23/01/1944	5,03282E+14			Niterói				(51) 8956-5449		LeonardoGoncalvesRocha@einrot.com																																																										
Matilde P Silva				Brasil	RJ	Paraty	07/06/1960	1,85525E+14			Niterói				(49) 5130-5561		MatildePintoSilva@fleckens.hu																																																										
Nicolas A Cavalcanti				Brasil	RJ	Paty do Alferes	24/07/2002	5,53871E+14			Niterói				(81) 8632-7028		NicolasAraujoCavalcanti@rhyta.com																																																										
Mateus C Oliveira				Brasil	RJ	Rio Bonito	02/09/1964	1,476E+14			Niterói				(91) 7424-9026		MateusCastroOliveira@dayrep.com																																																										
Kauê B Gomes				Brasil	RJ	Rio de Janeiro	31/10/1998	3,32721E+14			Niterói				(81) 6118-9264		KaueBarbosaGomes@armyspy.com																																																										
Leonor D Azevedo				Brasil	RJ	Cabo Frio	03/02/1985	2,85046E+14			Niterói				(16) 4589-9259		LeonorDiasAzevedo@jourrapide.com																																																										
Davi C Martins				Brasil	RJ	Niterói	01/01/1920	9,48111E+14			Niterói				(87) 3057-9468		DaviCostaMartins@dayrep.com																																																										
Leonardo O Azevedo				Brasil	RJ	Niterói	13/04/1938	2,79884E+14			Niterói				(31) 9907-5660		LeonardoOliveiraAzevedo@armyspy.com																																																										
Cauã C Azevedo				Brasil	RJ	Niterói	19/05/1923	9,76889E+14			Niterói				(27) 4053-8527		CauaCastroAzevedo@cuvox.de																																																										
Diego D Carvalho				Brasil	RJ	Niterói	02/12/1975	2,83262E+14			Niterói				(18) 2382-8395		DiegoDiasCarvalho@armyspy.com																																																										
Rebeca A Costa				Brasil	RJ	Niterói	14/09/1997	7,16556E+14			Niterói				(31) 2319-2277		RebecaAlvesCosta@cuvox.de																																																										
Eduardo S Melo				Brasil	RJ	Niterói	19/03/2006	9,4378E+14			Niterói				(11) 5791-9126		EduardoSousaMelo@cuvox.de																																																										
Douglas R Melo				Brasil	RJ	Arraial do Cabo	21/01/1939	5,68224E+14			Niterói				(61) 4180-3594		DouglasRochaMelo@superrito.com																																																										
Anna C Silva				Brasil	RJ	São Gonçalo	29/04/1949	9,6333E+14			Niterói				(27) 6611-7483		AnnaCorreiaSilva@dayrep.com																																																										
Joao B Rocha				Brasil	RS	Porto Alegre	15/05/1973	2,78E+14			Niterói				(47) 7456-9982		JoaoBarrosRocha@teleworm.us																																																										
